ItemCode,product_name,ProductType,size,total_sqm,min_quantity,Export,M_Distributor,Dealer,Dealer2,ApprovalNeeded,TierStage25,TierStage2,TierStage15,TierStage1,Retail
GOSF05-08x11,Graffiti Polyester Paper,Pure Polyester 5mil,"8.5""x11""",0.06032246,50,2.21,2.68,2.98,3.13,3.42,4.28,4.56,4.85,5.13,5.7
GOSF05-11x17,Graffiti Polyester Paper,Pure Polyester 5mil,"11""x17""",0.12064492,50,2.21,2.68,2.98,3.13,3.42,4.28,4.56,4.85,5.13,5.7
GOSF05-12x18,Graffiti Polyester Paper,Pure Polyester 5mil,"12""x18""",0.13935456,50,2.21,2.68,2.98,3.13,3.42,4.28,4.56,4.85,5.13,5.7
GOSF05-13x19,Graffiti Polyester Paper,Pure Polyester 5mil,"13""x19""",0.15935452,50,2.21,2.68,2.98,3.13,3.42,4.28,4.56,4.85,5.13,5.7
GOSF05-21x30,Graffiti Polyester Paper,Pure Polyester 5mil,"20.9""x29.5""",0.397773398,50,2.21,2.68,2.98,3.13,3.42,4.28,4.56,4.85,5.13,5.7
GOSF08-08x11,Graffiti Polyester Paper,Pure Polyester 8mil,"8.5""x11""",0.06032246,50,3.11,3.78,4.2,4.42,5.36,5.74,6.12,6.5,6.89,7.65
GOSF08-11x17,Graffiti Polyester Paper,Pure Polyester 8mil,"11""x17""",0.12064492,50,3.11,3.78,4.2,4.42,5.36,5.74,6.12,6.5,6.89,7.65
GOSF08-12x18,Graffiti Polyester Paper,Pure Polyester 8mil,"12""x18""",0.13935456,50,3.11,3.78,4.2,4.42,5.36,5.74,6.12,6.5,6.89,7.65
GOSF08-13x19,Graffiti Polyester Paper,Pure Polyester 8mil,"13""x19""",0.15935452,50,3.11,3.78,4.2,4.42,5.36,5.74,6.12,6.5,6.89,7.65
GOSF08-14x20,Graffiti Polyester Paper,Pure Polyester 8mil,"14.33""x20.5""",0.189525427,50,3.11,3.78,4.2,4.42,5.36,5.74,6.12,6.5,6.89,7.65
GOSF10-08x11,Graffiti Polyester Paper,Pure Polyester 10mil,"8.5""x11""",0.06032246,50,4.32,5.24,5.82,6.13,6.81,7.3,7.78,8.27,8.76,9.73
GOSF10-11x17,Graffiti Polyester Paper,Pure Polyester 10mil,"11""x17""",0.12064492,50,4.32,5.24,5.82,6.13,6.81,7.3,7.78,8.27,8.76,9.73
GOSF10-12x18,Graffiti Polyester Paper,Pure Polyester 10mil,"12""x18""",0.13935456,50,4.32,5.24,5.82,6.13,6.81,7.3,7.78,8.27,8.76,9.73
GOSF10-13x19,Graffiti Polyester Paper,Pure Polyester 10mil,"13""x19""",0.15935452,50,4.32,5.24,5.82,6.13,6.81,7.3,7.78,8.27,8.76,9.73
GOSF11-08x11,Graffiti Polyester Paper,Pure Polyester 11mil,"8.5""x11""",0.06032246,50,4.6,5.58,6.2,6.53,7.81,8.37,8.93,9.49,10.04,11.16
GOSF11-11x17,Graffiti Polyester Paper,Pure Polyester 11mil,"11""x17""",0.12064492,50,4.6,5.58,6.2,6.53,7.81,8.37,8.93,9.49,10.04,11.16
GOSF11-12x18,Graffiti Polyester Paper,Pure Polyester 11mil,"12""x18""",0.13935456,50,4.6,5.58,6.2,6.53,7.81,8.37,8.93,9.49,10.04,11.16
GOSF11-13x19,Graffiti Polyester Paper,Pure Polyester 11mil,"13""x19""",0.15935452,50,4.6,5.58,6.2,6.53,7.81,8.37,8.93,9.49,10.04,11.16
GOSF11-14x20,Graffiti Polyester Paper,Pure Polyester 11mil,"14.33""x20.5""",0.189525427,50,4.6,5.58,6.2,6.53,7.81,8.37,8.93,9.49,10.04,11.16
GOSF11-14x26,Graffiti Polyester Paper,Pure Polyester 11mil,"14.33""x26""",0.240373713,50,4.6,5.58,6.2,6.53,7.81,8.37,8.93,9.49,10.04,11.16
GOSF11-21x30,Graffiti Polyester Paper,Pure Polyester 11mil,"20.9""x29.5""",0.397773398,50,4.6,5.58,6.2,6.53,7.81,8.37,8.93,9.49,10.04,11.16
GOBO11-13x19,Graffiti Polyester Paper,Polyester BlockOut 11mil,"13""x19""",0.15935452,50,4.86,5.9,6.56,6.9,8.26,8.85,9.44,10.03,10.62,11.8
GOBO11-21x30,Graffiti Polyester Paper,Polyester BlockOut 11mil,"20.9""x29.5""",0.397773398,50,4.86,5.9,6.56,6.9,8.26,8.85,9.44,10.03,10.62,11.8
GOSF14-11x17,Graffiti Polyester Paper,Pure Polyester 14mil,"11""x17""",0.12064492,25,6.14,7.46,8.29,8.73,9.1,9.75,10.4,11.05,11.7,13
GOSF14-12x18,Graffiti Polyester Paper,Pure Polyester 14mil,"12""x18""",0.13935456,25,6.14,7.46,8.29,8.73,9.1,9.75,10.4,11.05,11.7,13
GOSF14-13x19,Graffiti Polyester Paper,Pure Polyester 14mil,"13""x19""",0.15935452,25,6.14,7.46,8.29,8.73,9.1,9.75,10.4,11.05,11.7,13
GOSF14-14x20,Graffiti Polyester Paper,Pure Polyester 14mil,"14.33""x20.5""",0.189525427,25,6.14,7.46,8.29,8.73,9.1,9.75,10.4,11.05,11.7,13
GOSF14-14x26,Graffiti Polyester Paper,Pure Polyester 14mil,"14.33""x26""",0.240373713,25,6.14,7.46,8.29,8.73,9.1,9.75,10.4,11.05,11.7,13
GMEG08-13x19,Graffiti Polyester Paper,Gold 8mil,"13""x19""",0.15935452,50,5.76,7,7.78,8.19,9.8,10.5,11.2,11.9,12.6,14
GMEG11-13x19,Graffiti Polyester Paper,Gold 11mil,"13""x19""",0.15935452,50,8.24,10,11.11,11.7,14,15,16,17,18,20
GMES08-13x19,Graffiti Polyester Paper,Silver 8mil,"13""x19""",0.15935452,50,5.76,7,7.78,8.19,9.8,10.5,11.2,11.9,12.6,14
GMES11-13X19,Graffiti Polyester Paper,Silver 11mil,"13""x19""",0.15935452,50,8.24,10,11.11,11.7,14,15,16,17,18,20
GMER08-13X19,Graffiti Polyester Paper,Rose 8mil,"13""x19""",0.15935452,50,6.09,7.4,8.22,8.65,10.36,11.1,11.84,12.58,13.32,14.8
GMER11-13X19,Graffiti Polyester Paper,Rose 11mil,"13""x19""",0.15935452,50,8.24,10,11.11,11.7,14,15,16,17,18,20
GMEM08-13X19,Graffiti Polyester Paper,Mirror 8mil,"13""x19""",0.15935452,50,5.44,6.6,7.33,7.72,9.24,9.9,10.56,11.22,11.88,13.2
GBAC08-13X19,Graffiti Polyester Paper,Backlit Film 8mil,"13""x19""",0.15935452,50,2.96,3.6,4,4.21,5.04,5.4,5.76,6.12,6.48,7.2
GBAC08-12X18,Graffiti Polyester Paper,Backlit Film 8mil,"12""x18""",0.13935456,50,2.96,3.6,4,4.21,5.04,5.4,5.76,6.12,6.48,7.2
GBAC08-14X20,Graffiti Polyester Paper,Backlit Film 8mil,"14.33""x20.5""",0.189525427,50,2.96,3.6,4,4.21,5.04,5.4,5.76,6.12,6.48,7.2
SFLFS04-08X11,Graffiti Polyester Paper,Frosted Film 4mil,"8.5""x11""",0.06032246,100,1.65,2,2.22,2.34,2.8,3,3.2,3.4,3.6,4
SFLFS04-11X17,Graffiti Polyester Paper,Frosted Film 4mil,"11""x17""",0.12064492,100,1.65,2,2.22,2.34,2.8,3,3.2,3.4,3.6,4
SFLFS04-12X18,Graffiti Polyester Paper,Frosted Film 4mil,"12""x18""",0.13935456,100,1.65,2,2.22,2.34,2.8,3,3.2,3.4,3.6,4
SFLFS04-13X19,Graffiti Polyester Paper,Frosted Film 4mil,"13""x19""",0.15935452,100,1.65,2,2.22,2.34,2.8,3,3.2,3.4,3.6,4
SFLFS04-08X14,Graffiti Polyester Paper,Frosted Film 4mil,"8.5""x14""",0.07677404,100,1.65,2,2.22,2.34,2.8,3,3.2,3.4,3.6,4
GFRO11-13X19,Graffiti Polyester Paper,Frosted Film 11mil,"13""x19""",0.15935452,50,3.95,4.8,5.33,5.61,6.72,7.2,7.68,8.16,8.64,9.6
SFLCS04-13X19,Graffiti Polyester Paper,Clear Film - 4mil,"13""x19""",0.15935452,100,1.98,2.4,2.67,2.81,3.36,3.6,3.84,4.08,4.32,4.8
SFLCS04-08X14,Graffiti Polyester Paper,Clear Film - 4mil,"8.5""x14""",0.07677404,100,1.98,2.4,2.67,2.81,3.36,3.6,3.84,4.08,4.32,4.8
SFLCS04-11X17,Graffiti Polyester Paper,Clear Film - 4mil,"11""x17""",0.12064492,100,1.98,2.4,2.67,2.81,3.36,3.6,3.84,4.08,4.32,4.8
SFLCS04-12X18,Graffiti Polyester Paper,Clear Film - 4mil,"12""x18""",0.13935456,100,1.98,2.4,2.67,2.81,3.36,3.6,3.84,4.08,4.32,4.8
GCLE10-13X19,Graffiti Polyester Paper,Clear Film 10mil,"13""x19""",0.15935452,50,3.95,4.8,5.33,5.61,6.72,7.2,7.68,8.16,8.64,9.6
GCLE10-12X18,Graffiti Polyester Paper,Clear Film 10mil,"12""x18""",0.13935456,50,3.95,4.8,5.33,5.61,6.72,7.2,7.68,8.16,8.64,9.6
GAURA301-13X19,Graffiti Polyester Paper,AuraBoard - Silver,"13""x19""",0.15935452,100,4.86,5.9,6.56,6.9,8.26,8.85,9.44,10.03,10.62,11.8
GAURA102-13X19,Graffiti Polyester Paper,AuraBoard - Holographics,"13""x19""",0.15935452,100,6.92,8.4,9.33,9.82,11.76,12.6,13.44,14.28,15.12,16.8
GCAN12-13X19,Graffiti Polyester Paper,Digital Fabric - 12 Oz,"13""x19""",0.15935452,200,6.59,8,8.89,9.36,11.2,12,12.8,13.6,14.4,16
GPOLY081218B,Graffiti Blended Poly,8mil / 235gsm,"12""x18""",0.13935456,500,1.98,2.4,2.67,2.81,3.36,3.6,3.84,4.08,4.32,4.8
GPOLY081319B,Graffiti Blended Poly,8mil / 235gsm,"13""x19""",0.15935452,500,1.98,2.4,2.67,2.81,3.36,3.6,3.84,4.08,4.32,4.8
GPOLY082130B,Graffiti Blended Poly,8mil / 235gsm,"20.9""x29.5""",0.397773398,500,1.98,2.4,2.67,2.81,3.36,3.6,3.84,4.08,4.32,4.8
GPOLY082840B,Graffiti Blended Poly,8mil / 235gsm,"28""x40""",0.7225792,500,1.98,2.4,2.67,2.81,3.36,3.6,3.84,4.08,4.32,4.8
GPOLY111218B,Graffiti Blended Poly,11mil / 347gsm,"12""x18""",0.13935456,500,2.64,3.2,3.56,3.74,4.48,4.8,5.12,5.44,5.76,6.4
GPOLY111319B,Graffiti Blended Poly,11mil / 347gsm,"13""x19""",0.15935452,500,2.64,3.2,3.56,3.74,4.48,4.8,5.12,5.44,5.76,6.4
GPOLY112130B,Graffiti Blended Poly,11mil / 347gsm,"20.9""x29.5""",0.397773398,500,2.64,3.2,3.56,3.74,4.48,4.8,5.12,5.44,5.76,6.4
GPOLY112840B,Graffiti Blended Poly,11mil / 347gsm,"28""x40""",0.7225792,500,2.64,3.2,3.56,3.74,4.48,4.8,5.12,5.44,5.76,6.4
GPOLY141218B,Graffiti Blended Poly,14mil / 420gsm,"12""x18""",0.13935456,400,3.13,3.8,4.22,4.44,5.32,5.7,6.08,6.46,6.84,7.6
GPOLY141319B,Graffiti Blended Poly,14mil / 420gsm,"13""x19""",0.15935452,400,3.13,3.8,4.22,4.44,5.32,5.7,6.08,6.46,6.84,7.6
GPOLY142130B,Graffiti Blended Poly,14mil / 420gsm,"20.9""x29.5""",0.397773398,400,3.13,3.8,4.22,4.44,5.32,5.7,6.08,6.46,6.84,7.6
GPOLY142840B,Graffiti Blended Poly,14mil / 420gsm,"28""x40""",0.7225792,400,3.13,3.8,4.22,4.44,5.32,5.7,6.08,6.46,6.84,7.6
GPOLY081218M,Graffiti SOFT Poly,8mil / 200mic,"12""x18""",0.13935456,500,1.98,2.4,2.67,2.81,3.36,3.6,3.84,4.08,4.32,4.8
GPOLY081319M,Graffiti SOFT Poly,8mil / 200mic,"13""x19""",0.15935452,500,1.98,2.4,2.67,2.81,3.36,3.6,3.84,4.08,4.32,4.8
GPOLY082130M,Graffiti SOFT Poly,8mil / 200mic,"20.9""x29.5""",0.397773398,500,1.98,2.4,2.67,2.81,3.36,3.6,3.84,4.08,4.32,4.8
GPOLY082840M,Graffiti SOFT Poly,8mil / 200mic,"28""x40""",0.7225792,500,1.98,2.4,2.67,2.81,3.36,3.6,3.84,4.08,4.32,4.8
GPOLY111218M,Graffiti SOFT Poly,11mil / 260mic,"12""x18""",0.13935456,500,2.64,3.2,3.56,3.74,4.48,4.8,5.12,5.44,5.76,6.4
GPOLY111319M,Graffiti SOFT Poly,11mil / 260mic,"13""x19""",0.15935452,500,2.64,3.2,3.56,3.74,4.48,4.8,5.12,5.44,5.76,6.4
GPOLY112130M,Graffiti SOFT Poly,11mil / 260mic,"20.9""x29.5""",0.397773398,500,2.64,3.2,3.56,3.74,4.48,4.8,5.12,5.44,5.76,6.4
GPOLY112840M,Graffiti SOFT Poly,11mil / 260mic,"28""x40""",0.7225792,500,2.64,3.2,3.56,3.74,4.48,4.8,5.12,5.44,5.76,6.4
GPOLY141218M,Graffiti SOFT Poly,14mil / 330mic,"12""x18""",0.13935456,400,3.13,3.8,4.22,4.44,5.32,5.7,6.08,6.46,6.84,7.6
GPOLY141319M,Graffiti SOFT Poly,14mil / 330mic,"13""x19""",0.15935452,400,3.13,3.8,4.22,4.44,5.32,5.7,6.08,6.46,6.84,7.6
GPOLY142130M,Graffiti SOFT Poly,14mil / 330mic,"20.9""x29.5""",0.397773398,400,3.13,3.8,4.22,4.44,5.32,5.7,6.08,6.46,6.84,7.6
GPOLY142840M,Graffiti SOFT Poly,14mil / 330mic,"28""x40""",0.7225792,400,3.13,3.8,4.22,4.44,5.32,5.7,6.08,6.46,6.84,7.6
GSCOL040811W,Graffiti STICK,COOLStick - 4mil,"8.5""x11""",0.06032246,100,1.56,1.9,2.11,2.22,2.66,2.85,3.04,3.23,3.42,3.8
GSCOL041218W,Graffiti STICK,COOLStick - 4mil,"12x18""",0.13935456,100,1.56,1.9,2.11,2.22,2.66,2.85,3.04,3.23,3.42,3.8
GSCOL041319W,Graffiti STICK,COOLStick - 4mil,"13x19""",0.15935452,100,1.56,1.9,2.11,2.22,2.66,2.85,3.04,3.23,3.42,3.8
GSCLR042130C,Graffiti STICK,COOLStick - 4mil,"20.9""x29.5""",0.397773398,100,1.56,1.9,2.11,2.22,2.66,2.85,3.04,3.23,3.42,3.8
GSCLR041319C,Graffiti STICK,CLEARStick - 4mil,"13""x19""",0.15935452,100,2.39,2.9,3.22,3.39,4.06,4.35,4.64,4.93,5.22,5.8
GSSILS041319S,Graffiti STICK,SILVERStick - 4mil,"13""x19""",0.15935452,100,2.31,2.8,3.11,3.27,3.92,4.2,4.48,4.76,5.04,5.6
GSPAP041218S,Graffiti STICK,PAPERStick - 4mil,"12x18""",0.13935456,100,1.32,1.6,1.78,1.87,2.24,2.4,2.56,2.72,2.88,3.2
GSPAP041319W,Graffiti STICK,PAPERStick - 4mil,"13x19""",0.15935452,100,1.32,1.6,1.78,1.87,2.24,2.4,2.56,2.72,2.88,3.2
GSPAP042130S,Graffiti STICK,PAPERStick - 4mil,"20.9""x29.5""",0.397773398,100,1.32,1.6,1.78,1.87,2.24,2.4,2.56,2.72,2.88,3.2
GSMAG1613x19L,Graffiti STICK,MAGNETICS - 16mil,"13""x19""",0.15935452,100,9.77,11.86,13.18,13.87,16.6,17.79,18.98,20.16,21.35,23.72
GSDUR061319W2,Graffiti STICK,DURAStick - 6mil,"13""x19""",0.15935452,200,2.47,3,3.33,3.51,4.2,4.5,4.8,5.1,5.4,6
GSSLI061319C,Graffiti STICK,SlickStick Clear - 6mil,"13""x19""",0.15935452,100,8.21,9.96,11.07,11.65,13.95,14.95,15.94,16.94,17.94,19.93
GSSLI061319W,Graffiti STICK,SlickStick White - 6mil,"13""x19""",0.15935452,100,8.21,9.96,11.07,11.65,13.95,14.95,15.94,16.94,17.94,19.93
SOWVB645410S,Solvit Sign & Display Media,One Way Vision Film 7mil - 60:40,"54""x100'",41.806368,1,3.62,4.4,4.89,5.15,6.16,6.6,7.04,7.48,7.92,8.8
SOWVB646010S,Solvit Sign & Display Media,One Way Vision Film 7mil - 60:40,"60""x100'",46.45152,1,3.62,4.4,4.89,5.15,6.16,6.6,7.04,7.48,7.92,8.8
SOWVB735410S,Solvit Sign & Display Media,One Way Vision Film 7mil - 70:30,"54""x100'",41.806368,1,3.62,4.4,4.89,5.15,6.16,6.6,7.04,7.48,7.92,8.8
SOWVB736010S,Solvit Sign & Display Media,One Way Vision Film 7mil - 70:30,"60""x100'",46.45152,1,3.62,4.4,4.89,5.15,6.16,6.6,7.04,7.48,7.92,8.8
SPETG083810L,Solvit Sign & Display Media,Polyester (Grey Back) Banner 8mil,"38""x100'",29.419296,1,3.21,3.9,4.33,4.56,5.46,5.85,6.24,6.63,7.02,7.8
SPETG083816L,Solvit Sign & Display Media,Polyester (Grey Back) Banner 8mil,"38""x165'",48.5418384,1,3.21,3.9,4.33,4.56,5.46,5.85,6.24,6.63,7.02,7.8
SPETG085410L,Solvit Sign & Display Media,Polyester (Grey Back) Banner 8mil,"54""x100'",41.806368,1,3.21,3.9,4.33,4.56,5.46,5.85,6.24,6.63,7.02,7.8
SPETW083810M,Solvit Sign & Display Media,Polyester (White Back) Banner 8mil,"38""x100'",29.419296,1,3.05,3.7,4.11,4.33,5.18,5.55,5.92,6.29,6.66,7.4
SPETG103810L,Solvit Sign & Display Media,Polyester (Grey Back) Banner 10mil,"38""x100'",29.419296,1,4.04,4.9,5.44,5.73,6.86,7.35,7.84,8.33,8.82,9.8
SPVC8133815G,Solvit Sign & Display Media,PVC Banner 13 Oz (840x840) - Gloss,"38""x150'",44.128944,1,1.5,1.5,1.5,1.5,2,2,2,2.3,2.5,3
SPVC8135415G,Solvit Sign & Display Media,PVC Banner 13 Oz (840x840) - Gloss,"54""x150'",62.709552,1,1.5,1.5,1.5,1.5,2,2,2,2.3,2.5,3
SPVC8136314G,Solvit Sign & Display Media,PVC Banner 13 Oz (840x840) - Gloss,"63""x140'",68.2837344,1,1.5,1.5,1.5,1.5,2,2,2,2.3,2.5,3
SPVC8133815M,Solvit Sign & Display Media,PVC Banner 13 Oz (840x840) - Matte,"38""x150'",44.128944,1,1.5,1.5,1.5,1.5,2,2,2,2.3,2.5,3
SPVC8135415M,Solvit Sign & Display Media,PVC Banner 13 Oz (840x840) - Matte,"54""x150'",62.709552,1,1.5,1.5,1.5,1.5,2,2,2,2.3,2.5,3
SPVC8136314M,Solvit Sign & Display Media,PVC Banner 13 Oz (840x840) - Matte,"63""x140'",68.2837344,1,1.5,1.5,1.5,1.5,2,2,2,2.3,2.5,3
SPOP1755015S,Solvit Sign & Display Media,Poster Paper 175gsm,"50""x150'",58.0644,1,1.07,1.3,1.44,1.52,1.82,1.95,2.08,2.21,2.34,2.6
SPOP1755415S,Solvit Sign & Display Media,Poster Paper 175gsm,"54""x150'",62.709552,1,1.07,1.3,1.44,1.52,1.82,1.95,2.08,2.21,2.34,2.6
SPOP1756015S,Solvit Sign & Display Media,Poster Paper 175gsm,"60""x150'",69.67728,1,1.07,1.3,1.44,1.52,1.82,1.95,2.08,2.21,2.34,2.6
SBACW085410M,Solvit Sign & Display Media,Backlit Film 8mil,"54""x100'",41.806368,1,2.96,3.6,4,4.21,5.04,5.4,5.76,6.12,6.48,7.2
SBACW086010M,Solvit Sign & Display Media,Backlit Film 8mil,"60""x100'",46.45152,1,2.96,3.6,4,4.21,5.04,5.4,5.76,6.12,6.48,7.2
SSAVG045415G,Solvit Sign & Display Media,Self Adhesive Vinyl - 4mil - Gloss,"54""x150'",62.709552,1,1.32,1.6,1.78,1.87,2.24,2.4,2.56,2.72,2.88,3.2
SSAVG046015G,Solvit Sign & Display Media,Self Adhesive Vinyl - 4mil - Gloss,"60""x150'",69.67728,1,1.32,1.6,1.78,1.87,2.24,2.4,2.56,2.72,2.88,3.2
SSAVG045415M,Solvit Sign & Display Media,Self Adhesive Vinyl - 4mil - Matte,"54""x150'",62.709552,1,1.32,1.6,1.78,1.87,2.24,2.4,2.56,2.72,2.88,3.2
SSAVG046015M,Solvit Sign & Display Media,Self Adhesive Vinyl - 4mil - Matte,"60""x150'",69.67728,1,1.32,1.6,1.78,1.87,2.24,2.4,2.56,2.72,2.88,3.2
SSAVW065410G,Solvit Sign & Display Media,Self Adhesive Vinyl - 6mil - Gloss,"54""x100'",41.806368,1,2.64,3.2,3.56,3.74,4.48,4.8,5.12,5.44,5.76,6.4
SSAVW066010G,Solvit Sign & Display Media,Self Adhesive Vinyl - 6mil - Gloss,"60""x100'",46.45152,1,2.64,3.2,3.56,3.74,4.48,4.8,5.12,5.44,5.76,6.4
SSAVW065410M,Solvit Sign & Display Media,Self Adhesive Vinyl - 6mil - Matte,"54""x100'",41.806368,1,2.64,3.2,3.56,3.74,4.48,4.8,5.12,5.44,5.76,6.4
SSAVW066010M,Solvit Sign & Display Media,Self Adhesive Vinyl - 6mil - Matte,"60""x100'",46.45152,1,2.64,3.2,3.56,3.74,4.48,4.8,5.12,5.44,5.76,6.4
SPOLY11-3810M,Solvit Sign & Display Media,PolySign 11mil,"38""x100'",29.419296,1,1.81,2.2,2.44,2.57,3.08,3.3,3.52,3.74,3.96,4.4
SPOLY11-5415M,Solvit Sign & Display Media,PolySign 11mil,"54""x150'",62.709552,1,1.81,2.2,2.44,2.57,3.08,3.3,3.52,3.74,3.96,4.4
SPOLY11-6015M,Solvit Sign & Display Media,PolySign 11mil,"60""x150'",69.67728,1,1.81,2.2,2.44,2.57,3.08,3.3,3.52,3.74,3.96,4.4
SPOLY17-3810M,Solvit Sign & Display Media,PolySign 17mil,"38""x100'",29.419296,1,2.8,3.4,3.78,3.98,4.76,5.1,5.44,5.78,6.12,6.8
SPOLY17-5410M,Solvit Sign & Display Media,PolySign 17mil,"54""x100'",41.806368,1,2.8,3.4,3.78,3.98,4.76,5.1,5.44,5.78,6.12,6.8
SPOLY17-6010M,Solvit Sign & Display Media,PolySign 17mil,"60""x100'",46.45152,1,2.8,3.4,3.78,3.98,4.76,5.1,5.44,5.78,6.12,6.8
SSLIS05-54x100W,Solvit Sign & Display Media,SlickStick 5mil Polyester,"54""x100'",41.806368,1,5.93,7.2,8,8.42,10.08,10.8,11.52,12.24,12.96,14.4
CCLP3004460T,CliQ Aqueous Medias,Cold Press Paper 300gsm,"44""x60'",20.4386688,1,11.32,13.74,15.27,16.08,19.24,20.62,21.99,23.37,24.74,27.49
CCLP3004440T,CliQ Aqueous Medias,Cold Press Paper 300gsm,"44""x40'",13.6257792,1,11.32,13.74,15.27,16.08,19.24,20.62,21.99,23.37,24.74,27.49
CHOT2702440M,CliQ Aqueous Medias,Hot Press Paper 270gsm,"24""x40'",7.4322432,1,15.14,18.38,20.43,21.5,25.74,27.57,29.41,31.25,33.09,36.77
CHOT2703640M,CliQ Aqueous Medias,Hot Press Paper 270gsm,"36""x40'",11.1483648,1,15.14,18.38,20.43,21.5,25.74,27.57,29.41,31.25,33.09,36.77
CHOT2704440M,CliQ Aqueous Medias,Hot Press Paper 270gsm,"44""x40'",13.6257792,1,15.14,18.38,20.43,21.5,25.74,27.57,29.41,31.25,33.09,36.77
CCOT3002440T,CliQ Aqueous Medias,Cotton Rag Paper 300gsm,"24""x40'",7.4322432,1,12.59,15.29,16.99,17.88,21.41,22.94,24.46,25.99,27.52,30.58
CCOT3003640T,CliQ Aqueous Medias,Cotton Rag Paper 300gsm,"36""x40'",11.1483648,1,12.59,15.29,16.99,17.88,21.41,22.94,24.46,25.99,27.52,30.58
CCOT3004440T,CliQ Aqueous Medias,Cotton Rag Paper 300gsm,"44""x40'",13.6257792,1,12.59,15.29,16.99,17.88,21.41,22.94,24.46,25.99,27.52,30.58
CCOT3004460T,CliQ Aqueous Medias,Cotton Rag Paper 300gsm,"44""x60'",20.4386688,1,12.59,15.29,16.99,17.88,21.41,22.94,24.46,25.99,27.52,30.58
CMAT2302410M,CliQ Aqueous Medias,Inkjet Matte Paper 230gsm,"24""x100'",18.580608,1,3.11,3.78,4.2,4.42,5.29,5.67,6.05,6.43,6.8,7.56
CMAT2303610M,CliQ Aqueous Medias,Inkjet Matte Paper 230gsm,"36""x100'",27.870912,1,3.11,3.78,4.2,4.42,5.29,5.67,6.05,6.43,6.8,7.56
CMAT2304410M,CliQ Aqueous Medias,Inkjet Matte Paper 230gsm,"44""x100'",34.064448,1,3.11,3.78,4.2,4.42,5.29,5.67,6.05,6.43,6.8,7.56
CPET0073610G,CliQ Aqueous Medias,PETBull 7mil - Gloss,"36""x100'",27.870912,1,3.05,3.7,4.11,4.33,5.18,5.55,5.92,6.29,6.66,7.4
CPET0074410G,CliQ Aqueous Medias,PETBull 7mil - Gloss,"44""x100'",34.064448,1,3.05,3.7,4.11,4.33,5.18,5.55,5.92,6.29,6.66,7.4
CPET0073610S,CliQ Aqueous Medias,PETBull 7mil - Satin,"36""x100'",27.870912,1,3.05,3.7,4.11,4.33,5.18,5.55,5.92,6.29,6.66,7.4
CPET0074410S,CliQ Aqueous Medias,PETBull 7mil - Satin,"44""x100'",34.064448,1,3.05,3.7,4.11,4.33,5.18,5.55,5.92,6.29,6.66,7.4
CRCP2422410G,CliQ Aqueous Medias,Photo Paper 10.4mil - Gloss,"24""x100'",18.580608,1,2.77,3.36,3.73,3.93,4.7,5.04,5.38,5.71,6.05,6.72
CRCP2423610G,CliQ Aqueous Medias,Photo Paper 10.4mil - Gloss,"36""x100'",27.870912,1,2.77,3.36,3.73,3.93,4.7,5.04,5.38,5.71,6.05,6.72
CRCP2424410G,CliQ Aqueous Medias,Photo Paper 10.4mil - Gloss,"44""x100'",34.064448,1,2.77,3.36,3.73,3.93,4.7,5.04,5.38,5.71,6.05,6.72
CRCP2426010G,CliQ Aqueous Medias,Photo Paper 10.4mil - Gloss,"60""x100'",46.45152,1,2.77,3.36,3.73,3.93,4.7,5.04,5.38,5.71,6.05,6.72
CRCP2422410S,CliQ Aqueous Medias,Photo Paper 10.4mil - Satin,"24""x100'",18.580608,1,2.77,3.36,3.73,3.93,4.7,5.04,5.38,5.71,6.05,6.72
CRCP2423610S,CliQ Aqueous Medias,Photo Paper 10.4mil - Satin,"36""x100'",27.870912,1,2.77,3.36,3.73,3.93,4.7,5.04,5.38,5.71,6.05,6.72
CRCP2424410S,CliQ Aqueous Medias,Photo Paper 10.4mil - Satin,"44""x100'",34.064448,1,2.77,3.36,3.73,3.93,4.7,5.04,5.38,5.71,6.05,6.72
CRCP2426010S,CliQ Aqueous Medias,Photo Paper 10.4mil - Satin,"60""x100'",46.45152,1,2.77,3.36,3.73,3.93,4.7,5.04,5.38,5.71,6.05,6.72
CSAV053660M,CliQ Aqueous Medias,Self Adhesive Vinyl - 5mil (PVC),"36""x60'",16.7225472,1,6.34,7.7,8.56,9.01,10.78,11.55,12.32,13.09,13.86,15.4
CSAV054260M,CliQ Aqueous Medias,Self Adhesive Vinyl - 5mil (PVC),"42""x60'",19.5096384,1,6.34,7.7,8.56,9.01,10.78,11.55,12.32,13.09,13.86,15.4
CSLS2421319S,CliQ Aqueous Medias,SlickStick 10.4mil,"13""x19""",0.15935452,250,7.78,9.45,10.5,11.05,13.23,14.17,15.12,16.06,17.01,18.9
RDLX2803610M,Rang Print Canvas,DL Polyester Canvas 280gsm,"36""x100'",27.870912,1,2.57,3.12,3.47,3.65,4.37,4.68,4.99,5.3,5.62,6.24
RDLX2804410M,Rang Print Canvas,DL Polyester Canvas 280gsm,"44""x100'",34.064448,1,2.57,3.12,3.47,3.65,4.37,4.68,4.99,5.3,5.62,6.24
RDUO4001740M,Rang Print Canvas,Rang Duo 400gsm,"17""x40'",5.2645056,1,4.86,5.9,6.56,6.9,8.26,8.85,9.44,10.03,10.62,11.8
RDUO4002440M,Rang Print Canvas,Rang Duo 400gsm,"24""x40'",7.4322432,1,4.86,5.9,6.56,6.9,8.26,8.85,9.44,10.03,10.62,11.8
RDUO4003660M,Rang Print Canvas,Rang Duo 400gsm,"36""x60'",16.7225472,1,4.86,5.9,6.56,6.9,8.26,8.85,9.44,10.03,10.62,11.8
RDUO4004460M,Rang Print Canvas,Rang Duo 400gsm,"44""x60'",20.4386688,1,4.86,5.9,6.56,6.9,8.26,8.85,9.44,10.03,10.62,11.8
RDUO4004475M,Rang Print Canvas,Rang Duo 400gsm,"44""x75'",25.548336,1,4.86,5.9,6.56,6.9,8.26,8.85,9.44,10.03,10.62,11.8
RDUO4006060M,Rang Print Canvas,Rang Duo 400gsm,"60""x60'",27.870912,1,4.86,5.9,6.56,6.9,8.26,8.85,9.44,10.03,10.62,11.8
RDUO4006075M,Rang Print Canvas,Rang Duo 400gsm,"60""x75'",34.83864,1,4.86,5.9,6.56,6.9,8.26,8.85,9.44,10.03,10.62,11.8
RDUO4202460S,Rang Print Canvas,Rang Duo 420gsm,"24""x60'",11.1483648,1,7.66,9.3,10.33,10.88,13.02,13.95,14.88,15.81,16.74,18.6
RDUO4203660S,Rang Print Canvas,Rang Duo 420gsm,"36""x60'",16.7225472,1,7.66,9.3,10.33,10.88,13.02,13.95,14.88,15.81,16.74,18.6
RDUO4204460S,Rang Print Canvas,Rang Duo 420gsm,"44""x60'",20.4386688,1,7.66,9.3,10.33,10.88,13.02,13.95,14.88,15.81,16.74,18.6
RDUO4206060S,Rang Print Canvas,Rang Duo 420gsm,"60""x60'",27.870912,1,7.66,9.3,10.33,10.88,13.02,13.95,14.88,15.81,16.74,18.6
RLUX3456310S,Rang Print Canvas,Rang Lux 345gsm,"63""x100'",48.774096,1,3.21,3.9,4.33,4.56,5.46,5.85,6.24,6.63,7.02,7.8
RLUX3805410M,Rang Print Canvas,Rang Lux 380gsm,"54""x100'",41.806368,1,4.69,5.7,6.33,6.67,7.98,8.55,9.12,9.69,10.26,11.4
RLUX3806010M,Rang Print Canvas,Rang Lux 380gsm,"60""x100'",46.45152,1,4.69,5.7,6.33,6.67,7.98,8.55,9.12,9.69,10.26,11.4
RLUX3905410G,Rang Print Canvas,Rang Lux 390gsm,"54""x100'",41.806368,1,4.86,5.9,6.56,6.9,8.26,8.85,9.44,10.03,10.62,11.8
RLUX3906010G,Rang Print Canvas,Rang Lux 390gsm,"60""x100'",46.45152,1,4.86,5.9,6.56,6.9,8.26,8.85,9.44,10.03,10.62,11.8
SWPUVSH0811G,Screen Printing Positives,EiE Inkjet Waterproof Film,"8.5""x11""",0.06032246,100,2.06,2.5,2.78,2.92,3.5,3.75,4,4.25,4.5,5
SWPUVSH0814G,Screen Printing Positives,EiE Inkjet Waterproof Film,"8.5""x14""",0.07677404,100,2.06,2.5,2.78,2.92,3.5,3.75,4,4.25,4.5,5
SWPUVSH1117G,Screen Printing Positives,EiE Inkjet Waterproof Film,"11""x17""",0.12064492,100,2.06,2.5,2.78,2.92,3.5,3.75,4,4.25,4.5,5
SWPUVSH1319G,Screen Printing Positives,EiE Inkjet Waterproof Film,"13""x19""",0.15935452,100,2.06,2.5,2.78,2.92,3.5,3.75,4,4.25,4.5,5
SWPUVSH1722G,Screen Printing Positives,EiE Inkjet Waterproof Film,"17""x22""",0.24128984,100,2.06,2.5,2.78,2.92,3.5,3.75,4,4.25,4.5,5
SWPUV2R1310G,Screen Printing Positives,"EiE Inkjet Waterproof Film - 2"" Core","13""x100'",10.064496,1,2.06,2.5,2.78,2.92,3.5,3.75,4,4.25,4.5,5
SWPUV2R1410G,Screen Printing Positives,"EiE Inkjet Waterproof Film - 2"" Core","14""x100'",10.838688,1,2.06,2.5,2.78,2.92,3.5,3.75,4,4.25,4.5,5
SWPUV2R2410G,Screen Printing Positives,"EiE Inkjet Waterproof Film - 2"" Core","24""x100'",18.580608,1,2.06,2.5,2.78,2.92,3.5,3.75,4,4.25,4.5,5
SWPUV2R3610G,Screen Printing Positives,"EiE Inkjet Waterproof Film - 2"" Core","36""x100'",27.870912,1,2.06,2.5,2.78,2.92,3.5,3.75,4,4.25,4.5,5
SWPUV2R4410G,Screen Printing Positives,"EiE Inkjet Waterproof Film - 2"" Core","44""x100'",34.064448,1,2.06,2.5,2.78,2.92,3.5,3.75,4,4.25,4.5,5
SWPUV2R5010G,Screen Printing Positives,"EiE Inkjet Waterproof Film - 2"" Core","50""x100'",38.7096,1,2.06,2.5,2.78,2.92,3.5,3.75,4,4.25,4.5,5
SWPUV3R1310G,Screen Printing Positives,"EiE Inkjet Waterproof Film - 3"" Core","13""x100'",10.064496,1,2.06,2.5,2.78,2.92,3.5,3.75,4,4.25,4.5,5
SWPUV3R1710G,Screen Printing Positives,"EiE Inkjet Waterproof Film - 3"" Core","17""x100'",13.161264,1,2.06,2.5,2.78,2.92,3.5,3.75,4,4.25,4.5,5
SWPUV3R2410G,Screen Printing Positives,"EiE Inkjet Waterproof Film - 3"" Core","24""x100'",18.580608,1,2.06,2.5,2.78,2.92,3.5,3.75,4,4.25,4.5,5
SFLFS040811F,Screen Printing Positives,eLe Frosted Laser Film,"8.5""x11""",0.06032246,100,2.22,2.7,3,3.16,3.78,4.05,4.32,4.59,4.86,5.4
SFLFS040814F,Screen Printing Positives,eLe Frosted Laser Film,"8.5""x14""",0.07677404,100,2.22,2.7,3,3.16,3.78,4.05,4.32,4.59,4.86,5.4
SFLFS041117F,Screen Printing Positives,eLe Frosted Laser Film,"11""x17""",0.12064492,100,2.22,2.7,3,3.16,3.78,4.05,4.32,4.59,4.86,5.4
SFLFS041218F,Screen Printing Positives,eLe Frosted Laser Film,"12""x18""",0.13935456,100,2.22,2.7,3,3.16,3.78,4.05,4.32,4.59,4.86,5.4
SFLFS041319F,Screen Printing Positives,eLe Frosted Laser Film,"13""x19""",0.15935452,100,2.22,2.7,3,3.16,3.78,4.05,4.32,4.59,4.86,5.4
SFLCS040811C,Screen Printing Positives,eLe Clear Laser Film,"8.5""x11""",0.06032246,100,1.98,2.4,2.67,2.81,3.36,3.6,3.84,4.08,4.32,4.8
SFLCS040814C,Screen Printing Positives,eLe Clear Laser Film,"8.5""x14""",0.07677404,100,1.98,2.4,2.67,2.81,3.36,3.6,3.84,4.08,4.32,4.8
SFLCS041117C,Screen Printing Positives,eLe Clear Laser Film,"11""x17""",0.12064492,100,1.98,2.4,2.67,2.81,3.36,3.6,3.84,4.08,4.32,4.8
SFLCS041218C,Screen Printing Positives,eLe Clear Laser Film,"12""x18""",0.13935456,100,1.98,2.4,2.67,2.81,3.36,3.6,3.84,4.08,4.32,4.8
SFLCS041319C,Screen Printing Positives,eLe Clear Laser Film,"13""x19""",0.15935452,100,1.98,2.4,2.67,2.81,3.36,3.6,3.84,4.08,4.32,4.8
OMXP-216x381,Offset Printing Plates,eLe Polyester Laser Plate MXP,"8.5""x15""",0.0822579,100,2.59,3.33,3.7,3.9,4.67,5,5.33,5.67,6,6.67
OMXP-219x381,Offset Printing Plates,eLe Polyester Laser Plate MXP,"8.625""x15""",0.083467575,100,2.59,3.33,3.7,3.9,4.67,5,5.33,5.67,6,6.67
OMXP-254x381,Offset Printing Plates,eLe Polyester Laser Plate MXP,"10""x15""",0.096774,100,2.59,3.33,3.7,3.9,4.67,5,5.33,5.67,6,6.67
OMXP-254x394,Offset Printing Plates,eLe Polyester Laser Plate MXP,"10""x15.5""",0.0999998,100,2.59,3.33,3.7,3.9,4.67,5,5.33,5.67,6,6.67
OMXP-279x457,Offset Printing Plates,eLe Polyester Laser Plate MXP,"11""x18""",0.12774168,100,2.59,3.33,3.7,3.9,4.67,5,5.33,5.67,6,6.67
OMXP-279x470,Offset Printing Plates,eLe Polyester Laser Plate MXP,"11""x18.5""",0.13129006,100,2.59,3.33,3.7,3.9,4.67,5,5.33,5.67,6,6.67
OMXP-305x457,Offset Printing Plates,eLe Polyester Laser Plate MXP,"12""x18""",0.13935456,100,2.59,3.33,3.7,3.9,4.67,5,5.33,5.67,6,6.67
OMXP-305x470,Offset Printing Plates,eLe Polyester Laser Plate MXP,"12""x18.5""",0.14322552,100,2.59,3.33,3.7,3.9,4.67,5,5.33,5.67,6,6.67
OMXP-305x492,Offset Printing Plates,eLe Polyester Laser Plate MXP,"12""x19.375""",0.1499997,100,2.59,3.33,3.7,3.9,4.67,5,5.33,5.67,6,6.67
OMXP-330x492,Offset Printing Plates,eLe Polyester Laser Plate MXP,"13""x19.375""",0.162499675,100,2.59,3.33,3.7,3.9,4.67,5,5.33,5.67,6,6.67
OMXP-330x505,Offset Printing Plates,eLe Polyester Laser Plate MXP,"13""x19.875""",0.166693215,100,2.59,3.33,3.7,3.9,4.67,5,5.33,5.67,6,6.67
OMXP-330x533,Offset Printing Plates,eLe Polyester Laser Plate MXP,"13""x21""",0.17612868,100,2.59,3.33,3.7,3.9,4.67,5,5.33,5.67,6,6.67
SDTFR0312328,DTF Film ,CoHo Films for Fabrics,"11.85""x328'",30.09129466,1,1.1,1.4,1.4,1.4,2.5,2.5,2.5,2.5,2.5,2.5
SDTFR0324328,DTF Film ,CoHo Films for Fabrics,"23.65""x328'",60.05562182,1,1.1,1.4,1.4,1.4,2.5,2.5,2.5,2.5,2.5,2.5
SDTFR0344328,DTF Film ,CoHo Films for Fabrics,"43.3""x328'",109.9538446,1,1.1,1.4,1.4,1.4,2.5,2.5,2.5,2.5,2.5,2.5